"Country Name","Country Code","Time","Time Code","Age dependency ratio (% of working-age population) [SP.POP.DPND]","Age dependency ratio, old [SP.POP.DPND.OL]","Age dependency ratio, young [SP.POP.DPND.YG]","Age population, age 00, female, interpolated [SP.POP.AG00.FE.IN]","Age population, age 00, male, interpolated [SP.POP.AG00.MA.IN]","Age population, age 01, female, interpolated [SP.POP.AG01.FE.IN]","Age population, age 01, male, interpolated [SP.POP.AG01.MA.IN]","Age population, age 02, female, interpolated [SP.POP.AG02.FE.IN]","Age population, age 02, male, interpolated [SP.POP.AG02.MA.IN]","Age population, age 03, female, interpolated [SP.POP.AG03.FE.IN]","Age population, age 03, male, interpolated [SP.POP.AG03.MA.IN]","Age population, age 04, female, interpolated [SP.POP.AG04.FE.IN]","Age population, age 04, male, interpolated [SP.POP.AG04.MA.IN]","Age population, age 05, female, interpolated [SP.POP.AG05.FE.IN]","Age population, age 05, male, interpolated [SP.POP.AG05.MA.IN]","Age population, age 06, female, interpolated [SP.POP.AG06.FE.IN]","Age population, age 06, male, interpolated [SP.POP.AG06.MA.IN]","Age population, age 07, female, interpolated [SP.POP.AG07.FE.IN]","Age population, age 07, male, interpolated [SP.POP.AG07.MA.IN]","Age population, age 08, female, interpolated [SP.POP.AG08.FE.IN]","Age population, age 08, male, interpolated [SP.POP.AG08.MA.IN]","Age population, age 09, female, interpolated [SP.POP.AG09.FE.IN]","Age population, age 09, male, interpolated [SP.POP.AG09.MA.IN]","Age population, age 10, female, interpolated [SP.POP.AG10.FE.IN]","Age population, age 10, male, interpolated [SP.POP.AG10.MA.IN]","Age population, age 11, female, interpolated [SP.POP.AG11.FE.IN]","Age population, age 11, male, interpolated [SP.POP.AG11.MA.IN]","Age population, age 12, female, interpolated [SP.POP.AG12.FE.IN]","Age population, age 12, male, interpolated [SP.POP.AG12.MA.IN]","Age population, age 13, female, interpolated [SP.POP.AG13.FE.IN]","Age population, age 13, male, interpolated [SP.POP.AG13.MA.IN]","Age population, age 14, female, interpolated [SP.POP.AG14.FE.IN]","Age population, age 14, male, interpolated [SP.POP.AG14.MA.IN]","Age population, age 15, female, interpolated [SP.POP.AG15.FE.IN]","Age population, age 15, male, interpolated [SP.POP.AG15.MA.IN]","Age population, age 16, female, interpolated [SP.POP.AG16.FE.IN]","Age population, age 16, male, interpolated [SP.POP.AG16.MA.IN]","Age population, age 17, female, interpolated [SP.POP.AG17.FE.IN]","Age population, age 17, male, interpolated [SP.POP.AG17.MA.IN]","Age population, age 18, female, interpolated [SP.POP.AG18.FE.IN]","Age population, age 18, male, interpolated [SP.POP.AG18.MA.IN]","Age population, age 19, female, interpolated [SP.POP.AG19.FE.IN]","Age population, age 19, male, interpolated [SP.POP.AG19.MA.IN]","Age population, age 20, female, interpolated [SP.POP.AG20.FE.IN]","Age population, age 20, male, interpolated [SP.POP.AG20.MA.IN]","Age population, age 21, female, interpolated [SP.POP.AG21.FE.IN]","Age population, age 21, male, interpolated [SP.POP.AG21.MA.IN]","Age population, age 22, female, interpolated [SP.POP.AG22.FE.IN]","Age population, age 22, male, interpolated [SP.POP.AG22.MA.IN]","Age population, age 23, female, interpolated [SP.POP.AG23.FE.IN]","Age population, age 23, male, interpolated [SP.POP.AG23.MA.IN]","Age population, age 24, female, interpolated [SP.POP.AG24.FE.IN]","Age population, age 24, male, interpolated [SP.POP.AG24.MA.IN]","Age population, age 25, female, interpolated [SP.POP.AG25.FE.IN]","Age population, age 25, male, interpolated [SP.POP.AG25.MA.IN]","Birth rate, crude (per 1,000 people) [SP.DYN.CBRT.IN]","Death rate, crude (per 1,000 people) [SP.DYN.CDRT.IN]","Fertility rate, total (births per woman) [SP.DYN.TFRT.IN]","Life expectancy at birth, female (years) [SP.DYN.LE00.FE.IN]","Life expectancy at birth, male (years) [SP.DYN.LE00.MA.IN]","Life expectancy at birth, total (years) [SP.DYN.LE00.IN]","Mortality rate, adult, female (per 1,000 female adults) [SP.DYN.AMRT.FE]","Mortality rate, adult, male (per 1,000 male adults) [SP.DYN.AMRT.MA]","Mortality rate, infant (per 1,000 live births) [SP.DYN.IMRT.IN]","Mortality rate, infant, female (per 1,000 live births) [SP.DYN.IMRT.FE.IN]","Mortality rate, infant, male (per 1,000 live births) [SP.DYN.IMRT.MA.IN]","Mortality rate, neonatal (per 1,000 live births) [SH.DYN.NMRT]","Mortality rate, under-5 (per 1,000) [SH.DYN.MORT]","Mortality rate, under-5, female (per 1,000) [SH.DYN.MORT.FE]","Mortality rate, under-5, male (per 1,000) [SH.DYN.MORT.MA]","Net migration [SM.POP.NETM]","Number of deaths ages 10-14 years [SH.DTH.1014]","Number of deaths ages 10-19 years [SH.DTH.1019]","Number of deaths ages 15-19 years [SH.DTH.1519]","Number of deaths ages 20-24 years [SH.DTH.2024]","Number of deaths ages 5-14 years [SH.DTH.0514]","Number of deaths ages 5-9 years [SH.DTH.0509]","Number of infant deaths [SH.DTH.IMRT]","Number of infant deaths, female [SH.DTH.IMRT.FE]","Number of infant deaths, male [SH.DTH.IMRT.MA]","Number of neonatal deaths [SH.DTH.NMRT]","Number of under-five deaths [SH.DTH.MORT]","Number of under-five deaths, female [SH.DTH.MORT.FE]","Number of under-five deaths, male [SH.DTH.MORT.MA]","Population ages 00-04, female [SP.POP.0004.FE]","Population ages 00-04, female (% of female population) [SP.POP.0004.FE.5Y]","Population ages 00-04, male [SP.POP.0004.MA]","Population ages 00-04, male (% of male population) [SP.POP.0004.MA.5Y]","Population ages 0-14 (% of total population) [SP.POP.0014.TO.ZS]","Population ages 0-14, female [SP.POP.0014.FE.IN]","Population ages 0-14, female (% of female population) [SP.POP.0014.FE.ZS]","Population ages 0-14, male [SP.POP.0014.MA.IN]","Population ages 0-14, male (% of male population) [SP.POP.0014.MA.ZS]","Population ages 0-14, total [SP.POP.0014.TO]","Population ages 05-09, female [SP.POP.0509.FE]","Population ages 05-09, female (% of female population) [SP.POP.0509.FE.5Y]","Population ages 05-09, male [SP.POP.0509.MA]","Population ages 05-09, male (% of male population) [SP.POP.0509.MA.5Y]","Population ages 10-14, female [SP.POP.1014.FE]","Population ages 10-14, female (% of female population) [SP.POP.1014.FE.5Y]","Population ages 10-14, male [SP.POP.1014.MA]","Population ages 10-14, male (% of male population) [SP.POP.1014.MA.5Y]","Population ages 15-19, female [SP.POP.1519.FE]","Population ages 15-19, female (% of female population) [SP.POP.1519.FE.5Y]","Population ages 15-19, male [SP.POP.1519.MA]","Population ages 15-19, male (% of male population) [SP.POP.1519.MA.5Y]","Population ages 15-64 (% of total population) [SP.POP.1564.TO.ZS]","Population ages 15-64, female [SP.POP.1564.FE.IN]","Population ages 15-64, female (% of female population) [SP.POP.1564.FE.ZS]","Population ages 15-64, male [SP.POP.1564.MA.IN]","Population ages 15-64, male (% of male population) [SP.POP.1564.MA.ZS]","Population ages 15-64, total [SP.POP.1564.TO]","Population ages 20-24, female [SP.POP.2024.FE]","Population ages 20-24, female (% of female population) [SP.POP.2024.FE.5Y]","Population ages 20-24, male [SP.POP.2024.MA]","Population ages 20-24, male (% of male population) [SP.POP.2024.MA.5Y]","Population ages 25-29, female [SP.POP.2529.FE]","Population ages 25-29, female (% of female population) [SP.POP.2529.FE.5Y]","Population ages 25-29, male [SP.POP.2529.MA]","Population ages 25-29, male (% of male population) [SP.POP.2529.MA.5Y]","Population ages 30-34, female [SP.POP.3034.FE]","Population ages 30-34, female (% of female population) [SP.POP.3034.FE.5Y]","Population ages 30-34, male [SP.POP.3034.MA]","Population ages 30-34, male (% of male population) [SP.POP.3034.MA.5Y]","Population ages 35-39, female [SP.POP.3539.FE]","Population ages 35-39, female (% of female population) [SP.POP.3539.FE.5Y]","Population ages 35-39, male [SP.POP.3539.MA]","Population ages 35-39, male (% of male population) [SP.POP.3539.MA.5Y]","Population ages 40-44, female [SP.POP.4044.FE]","Population ages 40-44, female (% of female population) [SP.POP.4044.FE.5Y]","Population ages 40-44, male [SP.POP.4044.MA]","Population ages 40-44, male (% of male population) [SP.POP.4044.MA.5Y]","Population ages 45-49, female [SP.POP.4549.FE]","Population ages 45-49, female (% of female population) [SP.POP.4549.FE.5Y]","Population ages 45-49, male [SP.POP.4549.MA]","Population ages 45-49, male (% of male population) [SP.POP.4549.MA.5Y]","Population ages 50-54, female [SP.POP.5054.FE]","Population ages 50-54, female (% of female population) [SP.POP.5054.FE.5Y]","Population ages 50-54, male [SP.POP.5054.MA]","Population ages 50-54, male (% of male population) [SP.POP.5054.MA.5Y]","Population ages 55-59, female [SP.POP.5559.FE]","Population ages 55-59, female (% of female population) [SP.POP.5559.FE.5Y]","Population ages 55-59, male [SP.POP.5559.MA]","Population ages 55-59, male (% of male population) [SP.POP.5559.MA.5Y]","Population ages 60-64, female [SP.POP.6064.FE]","Population ages 60-64, female (% of female population) [SP.POP.6064.FE.5Y]","Population ages 60-64, male [SP.POP.6064.MA]","Population ages 60-64, male (% of male population) [SP.POP.6064.MA.5Y]","Population ages 65 and above (% of total population) [SP.POP.65UP.TO.ZS]","Population ages 65 and above, female [SP.POP.65UP.FE.IN]","Population ages 65 and above, female (% of female population) [SP.POP.65UP.FE.ZS]","Population ages 65 and above, male [SP.POP.65UP.MA.IN]","Population ages 65 and above, male (% of male population) [SP.POP.65UP.MA.ZS]","Population ages 65 and above, total [SP.POP.65UP.TO]","Population ages 65-69, female [SP.POP.6569.FE]","Population ages 65-69, female (% of female population) [SP.POP.6569.FE.5Y]","Population ages 65-69, male [SP.POP.6569.MA]","Population ages 65-69, male (% of male population) [SP.POP.6569.MA.5Y]","Population ages 70-74, female [SP.POP.7074.FE]","Population ages 70-74, female (% of female population) [SP.POP.7074.FE.5Y]","Population ages 70-74, male [SP.POP.7074.MA]","Population ages 70-74, male (% of male population) [SP.POP.7074.MA.5Y]","Population ages 75-79, female [SP.POP.7579.FE]","Population ages 75-79, female (% of female population) [SP.POP.7579.FE.5Y]","Population ages 75-79, male [SP.POP.7579.MA]","Population ages 75-79, male (% of male population) [SP.POP.7579.MA.5Y]","Population ages 80 and above, female [SP.POP.80UP.FE]","Population ages 80 and above, male [SP.POP.80UP.MA]","Population ages 80 and above, male (% of male population) [SP.POP.80UP.MA.5Y]","Population ages 80 and older, female (% of female population) [SP.POP.80UP.FE.5Y]","Population growth (annual %) [SP.POP.GROW]","Population, female [SP.POP.TOTL.FE.IN]","Population, female (% of total population) [SP.POP.TOTL.FE.ZS]","Population, male [SP.POP.TOTL.MA.IN]","Population, male (% of total population) [SP.POP.TOTL.MA.ZS]","Population, total [SP.POP.TOTL]","Probability of dying among adolescents ages 10-14 years (per 1,000) [SH.DYN.1014]","Probability of dying among adolescents ages 10-19 years (per 1,000) [SH.DYN.1019]","Probability of dying among adolescents ages 15-19 years (per 1,000) [SH.DYN.1519]","Probability of dying among children ages 5-9 years (per 1,000) [SH.DYN.0509]","Probability of dying among youth ages 20-24 years (per 1,000) [SH.DYN.2024]","Probability of dying at age 5-14 years (per 1,000 children age 5) [SH.DYN.0514]","Rural population [SP.RUR.TOTL]","Rural population (% of total population) [SP.RUR.TOTL.ZS]","Rural population growth (annual %) [SP.RUR.TOTL.ZG]","Sex ratio at birth (male births per female births) [SP.POP.BRTH.MF]","Urban population [SP.URB.TOTL]","Urban population (% of total population) [SP.URB.TOTL.IN.ZS]","Urban population growth (annual %) [SP.URB.GROW]"
"Morocco","MAR","2000","YR2000","62.244888044752","6.9683947517602","55.276493292992","311226.5","328438.5","306804.5","322759.5","307972","323443","308227","323296.5","308493","323013.5","311091","324956.5","315674","329621.5","320895","335954.5","323896","340252","322787","339681","320443","336426.5","320455.5","334592.5","323762.5","335872","327444","337535","327507","335909","325024.5","332012","322149.5","327886","318980","323216.5","313856","316243","305781","306534.5","296786.5","295796.5","288975","285858.5","282843.5","277330.5","277095","269237","270310","261019","262188.5","252470.5","22.74","6.432","2.796","68.529","65.135","66.787","167.752","215.306","44","39.5","48.2","28.4","52.4","47.8","56.6","-90376","1445","3863","2418","2741","..","2366","28444","12542","15902","18470","34068","15262","18806","1542723","10.806974461084","1620951","11.35186364578","34.069790362195","4756678","33.321145575453","4971752","34.818230229477","9728429","1594343","11.168579247997","1670465","11.698624190971","1619612","11.345591866372","1680335","11.767742392726","1585791","11.108671380161","1605892","11.246402274867","61.635222405445","8892578","62.293657342057","8707000","60.976967696003","17599577","1416010","9.9193334815385","1389242","9.7291528732569","1236471","8.6616395288532","1189058","8.327225365186","1069030","7.4886936333565","1024878","7.1774345021087","946299","6.6289470796438","913930","6.4004456283919","794999","5.5690709800705","801212","5.611057567664","638220","4.4708102731766","649664","4.5497312797488","473848","3.3193666228064","456268","3.195345076973","397874","2.7871589110484","357942","2.5067437430852","334036","2.3399654514016","318915","2.2334293847216","4.2949872323599","625998","4.3851970824896","600411","4.2048020745195","1226408","263145","1.8433613105364","264965","1.8556060922903","194524","1.3626658188592","191609","1.3418819675833","107888","0.75576941593366","95827","0.6710968052607","60442","48009","0.33621720938526","0.42340053716034","1.3305629274657","14275254","49.993158676163","14279162","50.006844825923","28554415","2.2","5.9","3.8","3.6","4.8","..","13324918","46.665","0.6301426994956","1.042","15229497","53.335","1.947439586945"
"Morocco","MAR","2001","YR2001","60.820071744521","7.0419774542475","53.778094290273","310497","327620.5","304593","321182","304193","320638","306361","322689.5","306875.5","322729.5","307342.5","322609.5","310364","325049.5","315212","329932","320393","336016.5","323433.5","340215","322826.5","339982.5","320848","336743.5","320576.5","334169","323583.5","334705","327088.5","335730","326830.5","333395.5","323846.5","328835","320284","324032.5","316520.5","318817.5","311135.5","311726.5","302980.5","302246.5","293968.5","291860","286186","282203","280119","273833","274411.5","265854","267488","257722.5","22.249","6.365","2.715","68.902","65.542","67.18","163.755","210.52","42.3","38","46.3","27.7","50.2","45.7","54.4","-84706","1370","3716","2346","2683","..","2225","27179","11986","15193","17824","32386","14486","17900","1532520","10.600853577478","1614860","11.157329967188","33.439913803262","4724187","32.678487914869","4950012","34.200447299311","9674200","1576745","10.906773371576","1653823","11.426531744502","1614923","11.170860965816","1681330","11.616585587621","1598617","11.058067935493","1616807","11.170785565097","62.18129514049","9083968","62.836270187798","8905141","61.527087724971","17989109","1437666","9.9447226993795","1415997","9.7833527826315","1260445","8.7188403719915","1213071","8.3813036626172","1086004","7.5121880595857","1046080","7.2275388243227","969972","6.7095632040442","933416","6.4491247124924","823887","5.6990535858202","827131","5.7147807065726","664235","4.5946904268489","682043","4.7123472988276","496081","3.4315270008433","488221","3.3731992126316","405047","2.8018201001662","362880","2.5071941675597","342013","2.3657968036257","319497","2.2074607922186","4.3787910562484","648412","4.4852418973329","618376","4.2724649757177","1266789","266232","1.8415990463019","265023","1.8310909639874","201774","1.3957220964009","198521","1.37161425029","115485","0.7988376493534","103306","0.71375469564094","64922","51526","0.35600506579943","0.44908310527665","1.3070906776195","14456567","49.970682780635","14473530","50.029317219365","28930097","2.1","5.7","3.6","3.4","4.7","..","13405628","46.338","0.60388025947346","1.041","15524469","53.662","1.9183284894941"
"Morocco","MAR","2002","YR2002","59.468812392386","7.1217675145491","52.347044877837","308883","324766","304370.5","320871","302092","319163.5","302406","319703.5","305053","322209.5","305738","322365","306338.5","322350.5","309733.5","325240.5","314816","330314.5","319937.5","336131","322999.5","340212.5","322875.5","340299","321255.5","337069","320698.5","333752","323398.5","333536.5","326722","333918.5","326144.5","330872","322661.5","325644","318418.5","320168","314065.5","314410.5","308424.5","307209","300194.5","297966.5","291169.5","287942.5","283419","278580","277418.5","270376.5","271754.5","262520","21.984","6.318","2.67","69.239","65.932","67.547","160.092","205.899","40.6","36.5","44.5","26.9","48","43.8","52","-91645","1302","3579","2277","2631","..","2091","26000","11474","14526","17373","30850","13801","17049","1522805","10.404321975919","1606714","10.955700393875","32.825881289646","4690596","32.047755204819","4927984","33.60245385989","9618580","1556564","10.634975027959","1636401","11.158134015858","1611228","11.008458200941","1684869","11.488619450156","1608012","10.986488803482","1625013","11.080479229279","62.708187391727","9273177","63.35752176178","9101461","62.060149405941","18374638","1460626","9.9794971648682","1442075","9.8330761318977","1283126","8.7667563627984","1235411","8.4238959226072","1103230","7.5376418518149","1067330","7.2778016886924","989579","6.7611392890203","950724","6.4827069537395","853801","5.833457482691","851968","5.8093124102829","691684","4.7258186060197","714184","4.8698077971583","520866","3.5587349330193","523447","3.5692290530159","411344","2.8104396964295","370684","2.5275836947927","350912","2.3975475716369","320626","2.1862565244749","4.4659313186266","672496","4.5947230334016","636103","4.3373967341691","1308599","271462","1.8547179562878","265946","1.8134099046282","207769","1.4195489786212","203444","1.3872273985261","123228","0.84193590736601","111188","0.7581612361161","70038","55524","0.37859819489868","0.47852019112658","1.2767055848866","14636269","49.950038934446","14665548","50.049961065554","29301817","2","5.5","3.5","3.3","4.5","..","13481766","46.01","0.56634870237675","1.04","15820051","53.99","1.8860761765635"
"Morocco","MAR","2003","YR2003","58.21422835437","7.2050051161387","51.009223238231","306722","320199.5","302840.5","317972","302139","319100.5","300295.5","318230","300837.5","319011","303896.5","321922.5","304701","322151","305386.5","322193.5","309137.5","325517","314453","330784.5","319499.5","336307.5","322567","340242.5","322926","340640.5","321691.5","337431.5","320840","333336.5","323205","332316.5","326341","332021.5","325430","328221.5","321431","322295","316481.5","316118","311511.5","309797.5","305599.5","302482.5","297298","293501","288259.5","283869","280547","274829","274615.5","266807.5","21.749","6.276","2.632","69.593","66.31","67.915","156.301","201.454","38.9","34.9","42.7","26.2","45.9","41.7","49.8","-108908","1235","3446","2211","2581","..","1970","24955","11009","13946","16935","29460","13154","16306","1512834","10.214638225859","1594513","10.73687273977","32.240605341578","4657933","31.450301057577","4905040","33.028761925104","9562973","1537575","10.381682373588","1622569","10.925788310324","1607524","10.85398045813","1687959","11.366100875009","1612888","10.890201490082","1630972","10.982377800974","63.205440967295","9455059","63.840434757714","9292477","62.572172811537","18747537","1483215","10.014651135657","1464479","9.861270904073","1304147","8.8055830286387","1256557","8.4611995005796","1121876","7.5748916846315","1088307","7.3282649691795","1005010","6.7858140222016","966428","6.507579315181","882676","5.9598164972098","874892","5.8912056941795","720287","4.8633647741839","745428","5.0194420319317","548051","3.700436367388","560565","3.7746382117505","418479","2.825564587613","383323","2.5811581775922","358430","2.4201111701085","321526","2.1650362060962","4.5539536911265","697463","4.7092641847084","653297","4.3990652633586","1350761","278395","1.8797193010127","267602","1.801934897306","212608","1.4355263605658","206636","1.3914119455001","130759","0.88288301183974","119049","0.80162945950303","75702","60010","0.40408896104954","0.51113551129013","1.2192626651887","14810456","49.931968523263","14850814","50.068031476737","29661270","1.9","5.3","3.4","3.1","4.3","..","13550158","45.683","0.50601019690105","1.038","16111112","54.317","1.8231034155073"
"Morocco","MAR","2004","YR2004","56.982659794646","7.2663752518622","49.716284542784","307075","318292.5","302453","315237.5","301168","316489.5","300834","318191.5","299053","317391","299911","318502","303173.5","321604.5","303958","321784","304811.5","322006.5","308805.5","325653.5","314131.5","330807","319088.5","336139.5","322235","340102","322975.5","340754","321646","337193","320432.5","332493","322645.5","331073.5","325535","330262.5","324314.5","325982.5","319893.5","319611","314468.5","312982.5","309215","306408","303227.5","299156.5","294876.5","290345","285863","280949","278178","272028","21.542","6.259","2.598","69.869","66.659","68.231","153.488","197.358","37.2","33.4","40.8","25.4","43.7","39.7","47.5","-66711","1171","3319","2148","2526","..","1858","23908","10542","13366","16465","28101","12534","15567","1510583","10.074260325324","1585602","10.543517088376","31.669921656003","4631319","30.886825322158","4880148","32.450718296144","9511467","1520659","10.141461719864","1609551","10.702763493836","1600076","10.671103276969","1684996","11.204437713932","1612821","10.756097885485","1639422","10.901398423954","63.701302540134","9641832","64.302541191741","9489660","63.101829526651","19131492","1507650","10.054703128928","1489841","9.9067509012116","1327580","8.8537912333808","1282184","8.5259315933006","1145800","7.6414818105902","1110580","7.3848413460682","1018526","6.7926761450655","981356","6.5255617461255","908210","6.0569654280453","892493","5.9346640561476","748949","4.9948345993047","772303","5.1354563616241","577367","3.850530200096","596611","3.9671861372608","429907","2.8671049990695","402284","2.6750018153232","365019","2.4343557617751","322585","2.1450371456363","4.6287758038628","721329","4.8106334861018","668836","4.4474521772043","1390166","285370","1.9031703032326","269005","1.7887550233917","216594","1.4444948592917","208603","1.387116418209","137552","0.91735088788171","126236","0.83941078730237","81812","64993","0.43216994830119","0.54561743569576","1.2458784781145","14994480","49.926472852892","15038644","50.073523817452","30033125","1.8","5.1","3.3","3","4.2","..","13621824","45.356","0.52750046853033","1.04","16411301","54.644","1.846096262893"
"Morocco","MAR","2005","YR2005","55.741045091659","7.3126313902932","48.428413701366","309653","320294","304888","315615.5","301120.5","314211","300067","315664.5","299923","317528","298317","316871.5","299336","318101","302722.5","321268.5","303605.5","321475.5","304547.5","321700.5","308576","325280","313894","330323","318816","335532.5","321897","339355","322527","339833","321026","336059","319623.5","331154","321613","329518","324223","328452.5","322712.5","323929","318036","317363.5","312405","310597.5","307002.5","303954","300916","296695.5","292528","287937","283527","278622.5","21.398","6.177","2.568","70.398","67.077","68.704","147.494","192.266","35.4","31.8","38.9","24.6","41.5","37.6","45.2","-58941","1106","3202","2096","2486","..","1760","22890","10084","12806","16003","26793","11923","14870","1515651","9.976865924358","1583313","10.389027602415","31.095471784839","4609890","30.344874435871","4853054","31.843676371947","9462944","1508528","9.929978354241","1599417","10.494695212363","1585710","10.438030157272","1670324","10.959953557169","1609198","10.592641310846","1649113","10.820775981747","64.209151304444","9836638","64.750253255742","9703428","63.669774283447","19540066","1530887","10.07715779833","1516548","9.9509407412644","1351745","8.8979449545983","1311804","8.6075008320898","1174465","7.7309855450617","1135174","7.4485297724101","1031781","6.791762940711","998196","6.5497382997679","930996","6.128336407224","907140","5.952264211019","777218","5.1160868896515","795725","5.2212062898605","608222","4.0036574016157","631400","4.1429754152534","447404","2.945063375071","429045","2.8152111096657","374720","2.4666166326332","329286","2.1606316303694","4.6953769107169","745131","4.9048723083874","683761","4.4865493446052","1428893","293468","1.9317738131242","271365","1.7805786226827","219623","1.4456847193027","209534","1.3748698552533","143765","0.94634493354725","132465","0.86917580215669","88274","70399","0.46192506451259","0.58106884241317","1.3190526878203","15191659","49.920175873332","15240243","50.079824126668","30431902","1.7","4.9","3.2","2.8","4.1","..","13641404","44.826","0.14363672098091","1.041","16790498","55.174","2.2842948276097"
"Morocco","MAR","2006","YR2006","54.603635481863","7.3842901698523","47.21934531201","312712.5","323794.5","307705.5","317887","303367","314849.5","299786","313603","298911","315183.5","298974.5","317179.5","297600","316652.5","298806.5","317927","302344","321072.5","303380","321231","304376.5","321277.5","308393.5","324610.5","313672","329413.5","318531.5","334390.5","321496.5","337953","321924.5","338128.5","320215","334113","318553","328972.5","320151.5","327014.5","322316","325619.5","320397.5","320836","315380.5","314092.5","309497.5","307253","303912","300625","297740.5","293471","289352","284853","21.347","6.13","2.559","70.876","67.454","69.128","142.189","187.725","33.6","30.2","36.9","23.7","39.3","35.6","42.8","-72241","1038","3078","2040","2438","..","1671","21905","9637","12268","15614","25566","11363","14203","1522482","9.8955154456198","1585318","10.262650520827","30.542195465916","4590057","29.833508665308","4827025","31.248043770598","9417082","1501105","9.756573616632","1594062","10.319261817179","1566470","10.181419603056","1647645","10.666131432592","1603160","10.419889720732","1653848","10.70628693531","64.681532600315","10023267","65.147169827999","9920004","64.217760384612","19943271","1546928","10.054404529749","1536278","9.9451870590655","1372371","8.9198548341594","1339672","8.672446003537","1202020","7.8126424325174","1159761","7.507784296007","1045838","6.7975227835969","1018177","6.5912347846217","950743","6.1794406065603","922123","5.9694168233754","806254","5.2403239644822","819429","5.304624123326","638835","4.152165123755","665282","4.3067440205492","470202","3.0561222750491","462677","2.9951680688725","386917","2.514803557397","342759","2.2188682699478","4.7762719337684","772252","5.0193215066931","700418","4.5341958447891","1472669","304829","1.9812648542136","276537","1.7901793092412","222729","1.4476481558977","210082","1.3599820086776","149539","0.97193959367981","137568","0.89055492470698","95155","76230","0.49347960216339","0.61846890290194","1.3094792438627","15385576","49.899669257201","15447447","50.100333986075","30833022","1.6","4.7","3.1","2.7","3.9","..","13644846","44.254","0.02522882417524","1.042","17188176","55.746","2.3408574400646"
"Morocco","MAR","2007","YR2007","53.632653518991","7.4862774019705","46.14637611702","316126","327652.5","310869.5","321521.5","306145","317180","301977","314286","298571","313159.5","297909","314868","298217.5","316992","297045.5","316506.5","298417","317751","302120.5","320837","303215.5","320792.5","304201.5","320565","308176","323633","313387.5","328180","318119","332870","320861.5","336098","321059.5","336007","319065","331734","316974","326245","318081","323927","319790","322242.5","317491","317261","312194","310436.5","306108","303615","300428","297100.5","294252.5","290098.5","21.271","6.068","2.55","71.34","67.942","69.604","137.055","181.665","31.8","28.5","34.9","22.8","37.2","33.6","40.5","-73718","974","2959","1985","2388","..","1586","20959","9210","11749","15136","24400","10829","13571","1533689","9.8454221188179","1593799","10.180801262783","30.036827186488","4574498","29.365714660426","4806794","30.704627222895","9381292","1493710","9.5887793058293","1586954","10.137077077498","1547100","9.931513235779","1626040","10.386748882614","1596041","10.245690284527","1654011","10.565417593277","65.090328759666","10200494","65.481464619751","10128929","64.701123475215","20329423","1556011","9.988720080071","1550655","9.9052079465082","1392159","8.9368787004664","1366307","8.7276380255793","1227079","7.8771574576101","1183835","7.5620515336633","1063181","6.8250272031817","1040085","6.64381170392","966034","6.2013978139173","936182","5.9801015672262","835608","5.3641326535017","842147","5.3794321879566","668846","4.2936171213925","696848","4.4512977251958","497339","3.1926381342435","499668","3.1917569339004","398198","2.5562051708401","359188","2.2944082579879","4.8728440538459","802690","5.1528207198228","719227","4.5942493018902","1521917","317891","2.0406791601176","283960","1.8138701994701","227802","1.4623613918413","211394","1.3503363456604","154508","0.9918517078424","141363","0.90299545163075","102490","82509","0.52704730512899","0.65792846002147","1.2877219197481","15577682","49.876300854942","15654951","50.123699145058","31232633","1.5","4.6","3","2.6","3.8","..","13643351","43.683","-0.010957118211192","1.043","17589282","56.317","2.3068033706964"
"Morocco","MAR","2008","YR2008","52.812838889777","7.5906721109624","45.222166778815","319592.5","331602","314388","325535.5","309318","320874","304749.5","316660.5","300750","313877","297557.5","312875","297144","314708","297658","316867","296657.5","316347","298200.5","317528.5","301964.5","320399.5","303048","320069","303992","319567","307898","322371","312977.5","326621","317479","330965","319982.5","333917","319884.5","333556.5","317444.5","328922","314846","323066","315481.5","320450.5","316792.5","318558","314200","313489.5","308690.5","306684","302506.5","299980.5","296822.5","293622","21.23","6.018","2.549","71.757","68.413","70.048","132.426","175.766","30.1","26.9","33.1","21.6","35.1","31.7","38.3","-78864","917","2855","1938","2328","..","1506","20015","8780","11235","14544","23254","10289","12965","1548798","9.8208420057637","1608549","10.139317607207","29.59317216823","4565896","28.952089504459","4795902","30.230458376485","9361798","1487218","9.4303634791024","1578325","9.9488069881944","1529880","9.7008840195931","1609028","10.142333781084","1589637","10.079796663668","1650426","10.403287976213","65.43952919981","10372008","65.768322880128","10329782","65.112682617194","20701790","1557671","9.8771052054303","1559162","9.8280150550255","1411571","8.9506932285023","1391236","8.7695082155282","1249476","7.9228578458867","1208228","7.6159367441837","1085018","6.8800356411803","1063793","6.7055092291139","978674","6.2057142498427","950820","5.9933959344371","862910","5.4716611622514","862633","5.4375154039183","698761","4.4308046503091","726453","4.5791192520141","527956","3.3477396419643","537682","3.3892244745649","410336","2.6019145910933","379346","2.3911703321951","4.9672986319595","832619","5.2795876154127","738786","4.6568590063204","1571405","329494","2.089303134332","292381","1.8429925487583","234407","1.4863617541119","213354","1.3448542560829","158717","1.0064125019582","144048","0.90798810171408","110001","89004","0.56102409976507","0.69751022501063","1.2800372014876","15770522","49.851512527647","15864470","50.148487472353","31634992","1.5","4.4","3","2.5","3.7","..","13639110","43.114","-0.031089570945667","1.043","17995882","56.886","2.2853214675354"
"Morocco","MAR","2009","YR2009","52.170179745565","7.6944750422241","44.475704703341","325058","337591.5","317940","329621","312830","324940","307903.5","320392","303498","316280.5","299713","313619","296777","312741","296575.5","314606","297266.5","316722.5","296445.5","316134.5","298052","317090","301803","319658.5","302843","319039.5","303716.5","318264","307486.5","320759","312327","324650","316578.5","328707","318773","331378","318207","330637.5","315236.5","325619","312147.5","319458.5","312367.5","316629","313368","314641.5","310551","309590","304938","302908.5","298751.5","296368","21.411","5.987","2.578","72.142","68.846","70.458","128.175","170.334","28.4","25.4","31.3","20.5","33.1","29.9","36.2","-82207","864","2749","1885","2259","..","1435","19229","8426","10803","14052","22295","9855","12440","1567229","9.8164222044393","1628825","10.131088223767","29.2276096182","4567908","28.611325602942","4797459","29.839596260437","9365367","1486778","9.3125069838596","1573823","9.7889826479788","1513901","9.4823964146431","1594811","9.9195253886909","1581122","9.9034385893881","1640991","10.206762335396","65.715898419483","10536155","65.993743088171","10521110","65.439991172753","21057265","1553372","9.7296250437822","1563228","9.7230799602898","1429899","8.9562455873282","1413661","8.7927981060231","1269689","7.9527620506967","1233229","7.6705304738743","1109687","6.9505782009377","1088142","6.7681074406315","990940","6.2068002874218","967485","6.0176359585416","887387","5.5581939025081","880822","5.4786060239616","728323","4.5618883955438","754372","4.6920996948965","559257","3.5029317177714","574608","3.5739869393817","426480","2.6712793127932","404571","2.5163842397568","5.0564919623166","861322","5.3949313088868","758924","4.72041256681","1620246","340629","2.1335503110981","302528","1.881686404715","241050","1.5098258832985","215118","1.3380071134225","162347","1.016868745531","145944","0.9077534662898","117295","95334","0.59296558238278","0.73468636895924","1.2811062462056","15965384","49.825064085226","16077493","50.174935914774","32042877","1.4","4.3","2.9","2.3","3.6","..","13633603","42.548","-0.040384688350191","1.044","18409274","57.452","2.2711605433019"
"Morocco","MAR","2010","YR2010","51.713888054079","7.817333008766","43.896555045313","330841","343860.5","323496.5","335741","316455.5","329070","311477.5","324490.5","306704.5","320036.5","302503.5","316039.5","298965","313496.5","296233.5","312649","296202","314472","297064.5","316521","296305","315716","297900.5","316381","301608.5","318669.5","302581","317788","303325.5","316716.5","306866","318867.5","311466","322482.5","315420","326269.5","317162","328571.5","316085","327456","312641.5","322144.5","309155.5","315782","309077.5","312862.5","309859","310887.5","306939","305953.5","301322.5","299429.5","21.402","5.966","2.586","72.485","69.244","70.829","124.389","165.355","26.9","24","29.5","19.4","31.3","28.2","34.1","-70490","819","2642","1823","2202","..","1372","18485","8101","10384","13465","21401","9460","11941","1588975","9.8283913602071","1653199","10.1437708404","28.933776561215","4581664","28.339267057677","4811647","29.523526427578","9393311","1490968","9.2221853230799","1573178","9.6527774028094","1501721","9.2886903743897","1585271","9.7269781843689","1566999","9.6924617650077","1623647","9.9624473973952","65.913543764929","10693973","66.146133098058","10704770","65.682816539687","21398743","1547673","9.5729202960588","1567630","9.6187357310909","1447241","8.9517147472663","1434090","8.7993549017307","1288988","7.9728589867146","1259154","7.7259746054529","1136181","7.027694912778","1112544","6.826398273324","1003568","6.2074319271131","986154","6.0508887404287","909961","5.6284384060981","897574","5.5073755319165","757055","4.6826619809635","780136","4.7867910214416","589687","3.6474297053298","609471","3.7396199898979","446622","2.7625203707285","434371","2.6652303470091","5.1526796738566","891556","5.5145998442649","781254","4.7936570327345","1672811","353254","2.1850020594175","315149","1.9337025558006","248616","1.5377808627633","217662","1.3355373699998","165282","1.0223296029187","147148","0.90288048501651","124405","101296","0.62153662191754","0.76948731916542","1.3083515451046","16167193","49.799045830007","16297672","50.200954169993","32464865","1.3","4.2","2.8","2.2","3.5","..","13629400","41.982","-0.030832993953726","1.044","18835465","58.018","2.2886969542182"
"Morocco","MAR","2011","YR2011","51.422839571368","7.9708717306987","43.451967840669","336279.5","349681","329383.5","342130","322114.5","335225.5","315198","328649.5","310363","324155.5","305779.5","319807","301807.5","315921","298459","313407","295886","312522.5","296014","314283","296933","316130","296164","315056.5","297720.5","315463","301365","317506.5","302218.5","316350","302751","314961","306069","316857","310393","320221","313926.5","323663.5","315193.5","325614.5","313676.5","324222","309865.5","318721","306106","312280.5","305826","309374.5","306508.5","307504.5","303582","302714.5","21.507","5.91","2.609","73.023","69.601","71.269","118.679","160.863","25.4","22.7","27.9","18.3","29.5","26.6","32.3","-67369","781","2537","1756","2147","..","1317","17740","7769","9971","12970","20536","9062","11474","1613339","9.8506324284203","1679841","10.165037389234","28.695781285867","4605686","28.121138212102","4836288","29.265289817584","9441974","1497946","9.1460753236983","1575940","9.5363128638674","1494401","9.1244304599833","1580506","9.5639395644821","1548333","9.4537254641808","1601317","9.6898708461579","66.040237603681","10847211","66.230294206207","10882470","65.851879192018","21729681","1541983","9.4149509346963","1572102","9.5130884028097","1462353","8.9287505122338","1452733","8.7907610697642","1308575","7.9898213578266","1286057","7.7821762185331","1163203","7.1022170904119","1136838","6.8792209119147","1017616","6.2133000879624","1006453","6.0902397387048","929658","5.6762510265664","912959","5.5244899309587","786064","4.7995027726032","804216","4.8664655513863","619574","3.7829573960392","642249","3.8863727207102","469856","2.8688175636865","467543","2.8291938010779","5.2639811104521","925124","5.6485675816908","806921","4.8828309903989","1732045","366030","2.2348825509702","329441","1.99350955584","259103","1.5820136250296","222543","1.3466496188553","168419","1.0283203045399","148126","0.89634135770333","131573","106810","0.64633045800023","0.80335110115115","1.3426655434854","16378020","49.77561945239","16525679","50.22438054761","32903699","1.3","4","2.8","2.1","3.4","..","13628383","41.419","-0.0074620889048287","1.045","19275316","58.581","2.3083784688174"
"Morocco","MAR","2012","YR2012","51.233147896218","8.1502563903979","43.082891505821","340352","354007.5","334918.5","348047","328059.5","341645.5","320906","334828","314126","328331.5","309472","323938","305109.5","319695","301321","315837.5","298125","313288","295708","312343.5","295890.5","313907.5","296800","315492.5","295993.5","314170","297490","314339","301018.5","316115.5","301666.5","314651","301985.5","313017.5","305037","314672","308954.5","317703","312026","320805","312865.5","322483.5","310991.5","320904","306916","315326.5","302964","308904","302589","306101","303262.5","304367.5","21.304","5.86","2.598","73.525","69.933","71.679","113.437","156.66","24","21.4","26.4","17.3","27.9","25.2","30.5","-65136","745","2429","1684","2099","..","1274","16957","7426","9531","12300","19646","8669","10977","1638362","9.8729544736205","1706859","10.18550908226","28.487730438161","4635290","27.932781120429","4865986","29.037272603368","9501276","1509735","9.0978366555796","1585102","9.458933683357","1487192","8.961989991229","1574024","9.3928298377512","1529670","9.21796119123","1580848","9.4335513581677","66.12307133608","10998052","66.275500626866","11055427","65.972127241146","22053478","1536326","9.2580740121167","1573719","9.3910067978205","1472572","8.8738852067665","1468064","8.760524400569","1328938","8.0083304985494","1313075","7.8356434322465","1188627","7.1628035767391","1161078","6.9286139334912","1035413","6.239515693354","1028642","6.1383186642768","945244","5.6961441012339","927261","5.5333349564654","815463","4.9140721488426","827019","4.9351510980847","649053","3.9112666919562","672769","4.0146800365014","496746","2.9934475060781","502950","3.0013025635224","5.3891982257586","961103","5.7917182527044","836311","4.9906001554865","1797415","377734","2.2762677510456","345515","2.0618283246579","271317","1.6349838756283","229321","1.3684495579471","173317","1.0444278190684","149691","0.89326868016205","138736","111783","0.66705359271939","0.83603880696221","1.3537724665738","16594445","49.755219817938","16757724","50.244780182062","33352169","1.2","3.9","2.7","2.1","3.4","..","13627029","40.858","-0.0099356414140018","1.045","19725140","59.142","2.3068650690505"
"Morocco","MAR","2013","YR2013","51.115023101646","8.348314362628","42.766708739018","342283.5","356185.5","339071.5","352475.5","333627","347596.5","326875","341272","319852.5","334527.5","313250.5","328128","308813.5","323836.5","304632","319619.5","300994.5","315726","297953","313117","295590.5","311978","295764","313282","296635.5","314618.5","295771.5","313061","297152.5","312966.5","300477.5","314436","300914.5","312729","300971","310860","303620.5","312187","307079.5","314882.5","309726.5","317714.5","310210","319205","308072.5","317544.5","303806","311984.5","299763","305668.5","299381","303003","21.141","5.796","2.594","73.976","70.371","72.122","108.787","151.14","22.7","20.3","24.9","16.3","26.4","23.8","28.8","-67026","715","2331","1616","2058","..","1237","16100","7049","9051","11683","18686","8244","10442","1661709","9.8836355333134","1732057","10.194092188287","28.300765356515","4668267","27.766254932161","4898390","28.829674331838","9566657","1525643","9.0743323714336","1600427","9.4193784492212","1480914","8.8082870274144","1565906","9.2162036943304","1513063","8.9995051667826","1565095","9.2114275779493","66.174756465875","11146568","66.298363523295","11222833","66.052444759491","22369402","1531578","9.109630018268","1572117","9.2527587884073","1476177","8.7801119573909","1478381","8.7010717334425","1349630","8.0274295637376","1339018","7.8808421643912","1211807","7.2076730166843","1185884","6.9795657553809","1057864","6.2920427196395","1052609","6.1951732444256","958367","5.7002472917034","942093","5.5447268143828","842883","5.0133632328897","847483","4.9878987395055","678637","4.0364460619749","701516","4.1288040016027","526560","3.1319144942237","538638","3.1701759400033","5.5244781776103","997900","5.935381544544","869568","5.117880908671","1867468","390189","2.3207972313607","364669","2.1462772306317","282397","1.6796612306189","236917","1.3943876188938","179558","1.0679880142051","151744","0.89309550726064","145755","116237","0.68412055188481","0.86693506835934","1.3442338429362","16812735","49.736629553478","16990792","50.263370446522","33803527","1.2","3.8","2.6","2","3.3","..","13622821","40.3","-0.030884573922048","1.045","20180706","59.7","2.2833035148655"
"Morocco","MAR","2014","YR2014","51.105228723306","8.5835682839733","42.521660439333","341456.5","355521.5","341065.5","354759","337771.5","352062","332426.5","347248.5","325802.5","340990.5","318959.5","334339.5","312579.5","328042.5","308327.5","323774","304302.5","319517.5","300823.5","315562","297839","312750","295467.5","311343","295602.5","312389.5","296413.5","313482.5","295432","311653","296604.5","311244.5","299710.5","312462.5","299877","310514.5","299519.5","308312.5","301696.5","309296.5","304717","311716.5","306994","314353.5","307203.5","315758.5","304867","314111","300507.5","308660.5","296460.5","302490.5","20.617","5.741","2.548","74.39","70.788","72.538","104.592","145.857","21.4","19.2","23.6","15.4","24.9","22.5","27.3","-72062","690","2245","1555","2016","..","1208","15164","6640","8524","10911","17642","7784","9858","1678522","9.8575495998849","1750582","10.165496213101","28.140430601791","4704269","27.627017169848","4933435","28.648089112148","9637704","1544992","9.0733607682948","1621236","9.4143936376538","1480754","8.696106801668","1561618","9.0681992613939","1497408","8.7939087091561","1551831","9.0113639788403","66.179045811313","11285824","66.278870127952","11379575","66.080340439132","22665399","1524289","8.9517742074109","1564600","9.085515512998","1474113","8.6571058428528","1484747","8.6218121939279","1369801","8.0445041990631","1363052","7.9151384048736","1233180","7.2421656214682","1211673","7.036097648561","1083271","6.3617840169654","1077275","6.2556526789641","971310","5.7042646147813","959026","5.568989554909","867544","5.0948753673885","865613","5.0265472305989","708145","4.1587642645155","728880","4.2325488970703","556761","3.2697232843506","572881","3.3266743383894","5.680523586896","1037692","6.0941127022","907808","5.2715704487191","1945500","406232","2.3857035087913","388039","2.2533135332662","293086","1.7212219568292","245898","1.4279113470633","185874","1.0915951994113","153658","0.89228344973412","152499","120212","0.69806211865558","0.89559203716819","1.3080629397791","17027786","49.718191425209","17220817","50.281808574791","34248603","1.1","3.7","2.5","1.9","3.2","..","13611765","39.744","-0.081190884321422","1.046","20636838","60.256","2.2350731755688"
"Morocco","MAR","2015","YR2015","51.189766628518","8.8717573755478","42.31800925297","339190.5","353344","340286.5","354183","339719.5","354380.5","336516","351738","331298","346984.5","324860","340819","318252.5","334273","312070","327997","307984","323682.5","304129","319357.5","300711","315182","297716.5","312081","295305","310397","295375","311182.5","296061","311982.5","294855.5","309818.5","295794.5","309144","298610","310104","298332","307801","297468.5","305236","299175","305928.5","301798","308141.5","303779","310687","303773.5","312103.5","301336.5","310569","296973","305273.5","20.307","5.705","2.531","74.777","71.166","72.92","100.723","141.134","20.3","18.1","22.3","14.6","23.6","21.3","25.8","-81202","671","2172","1501","1976","..","1178","14247","6238","8009","10296","16614","7324","9290","1687011","9.7877964401652","1760630","10.092692283837","27.989995114828","4739475","27.497761062752","4967584","28.476338984403","9707059","1567296","9.0932269334346","1646129","9.4363230528275","1485168","8.6167376891522","1560825","8.9473236477393","1485060","8.6161110884194","1542104","8.8400039163977","66.142044606216","11413373","66.21877381663","11524992","66.066233554655","22938364","1509862","8.7600058854054","1547430","8.8705348508381","1468896","8.5223269444813","1489890","8.5406964286144","1387905","8.0524257106813","1384315","7.9354891559005","1253107","7.2703496710578","1238266","7.0982760168446","1110152","6.4409478705322","1102064","6.3175101386664","984567","5.7123156517437","978221","5.607585658876","890352","5.165693540257","882593","5.0594046227022","737112","4.2766167227204","754607","4.325736408317","586360","3.4019807313312","605502","3.4709963574979","5.8679602789559","1083009","6.2834651206183","952027","5.4574274609418","2035036","425954","2.4713277948017","415267","2.3804870985305","305168","1.7705386956122","256943","1.4729054867517","192965","1.1195556518922","156156","0.89515083233197","158922","123662","0.70888404332756","0.92204297831219","1.2530582728991","17235856","49.699043766954","17444602","50.300956233046","34680458","1.1","3.6","2.5","1.8","3.2","..","13591618","39.191","-0.14812131037916","1.046","21088840","60.809","2.1666259404224"
"Morocco","MAR","2016","YR2016","51.295387251351","9.207595560007","42.087791691344","334036.5","348132.5","338110","352119.5","339039","353836.5","338553.5","354079.5","335467","351490","330421","346821","324202","340752","317778","334225.5","311750","327908","307821.5","323530.5","304022.5","319003","300596","314561","297564.5","311204.5","295093.5","309280","295047.5","309795","295525.5","310283.5","294105.5","307874","294776","306961","297180","307590","296433.5","304951","295137","302119","296477","302622.5","298826","304751","300607.5","307306.5","300507.5","308824","298065","307429","19.483","5.674","2.451","75.176","71.502","73.284","96.866","136.937","19.2","17.2","21.1","13.8","22.4","20.2","24.5","-57256","654","2110","1456","1927","..","1152","13287","5811","7476","9478","15538","6849","8689","1685206","9.6616446970906","1759658","9.9612474619002","27.818291790245","4769502","27.344573029579","4996738","28.286035525599","9766241","1591972","9.1271171966745","1673237","9.4720268480623","1492324","8.5558111358143","1563843","8.8527612156363","1478021","8.4738061257889","1537659","8.7045362176297","66.095867882155","11538357","66.15185950739","11666093","66.04058248054","23204451","1491555","8.5514022951312","1525623","8.6363987982702","1463552","8.3908551356429","1494793","8.4618732602109","1403355","8.0457300549981","1403310","7.9439971720409","1273042","7.2986178886446","1265492","7.1638232958081","1137440","6.521182759518","1126673","6.3779856894154","999043","5.7277261670772","998874","5.654528367377","910419","5.2196259113013","898412","5.0858202302611","766078","4.3920882350631","778456","4.4067613446482","615854","3.5308249342243","636799","3.6048581048785","6.0858403276006","1134367","6.5035674630309","1002205","5.6733819938611","2136572","448560","2.5716928233992","445399","2.5213619003844","317590","1.8208082029892","269507","1.5256520981431","202498","1.1609612694526","160441","0.90824324082206","165720","126857","0.71812475451155","0.95010516718995","1.2231702343059","17442227","49.682672509028","17665036","50.317324642558","35107264","1.1","3.5","2.4","1.8","3.2","..","13565447","38.64","-0.19273811880382","1.046","21541817","61.36","2.1252032252331"
"Morocco","MAR","2017","YR2017","51.453493552036","9.5881755480473","41.865318003989","329767.5","343754.5","333038","347005","336931","351800.5","337935.5","353556","337558.5","353846","334634","351334","329795","346754.5","323750.5","340704","317473","334139","311594.5","327762","307720","323193","303913","318412.5","300451","313729.5","297363","310145.5","294783","307965.5","294541","308184.5","294814.5","308439","293141","305804.5","293422.5","304578.5","295380.5","304886","294223.5","301993.5","292582","298986","293663","299412","295822.5","301550","297513","304200","297407","305847","19.298","5.642","2.451","75.664","71.783","73.66","92.365","133.429","18.3","16.3","20.1","13.2","21.3","19.2","23.3","-71807","641","2057","1416","1883","..","1131","12494","5459","7035","9037","14631","6441","8190","1675231","9.4931830756945","1749962","9.786467778208","27.642359123786","4796708","27.181944489464","5024101","28.096728639934","9820809","1617247","9.1646026320663","1700693","9.5109391737408","1504230","8.5241587817032","1573446","8.7993216879854","1471300","8.3375484822404","1531892","8.5669383626207","66.026870072151","11658505","66.06632481554","11799597","65.987933358747","23458102","1473804","8.3517409632232","1506141","8.4229287602656","1458508","8.2650645436294","1497008","8.3718506777402","1413915","8.0123624471203","1418935","7.9352389081051","1293687","7.3310581918354","1292678","7.2291606833933","1163153","6.5913463096829","1151189","6.4378963972518","1017139","5.7639153181779","1021267","5.7113220678204","926492","5.2502347751995","913209","5.1070225219196","795336","4.5070038151112","800987","4.4794334731253","645171","3.65604996932","666288","3.7261415065051","6.3307708040628","1191455","6.7517306949958","1057748","5.9153380013189","2249204","474624","2.6895955655765","477581","2.6708214013894","329271","1.865910323694","283690","1.5865047606747","213621","1.2105458095545","166217","0.92955287481916","173939","130259","0.72845896443557","0.98567899617083","1.1916294240897","17646668","49.669587029878","17881446","50.33041015545","35528115","1","3.4","2.3","1.7","3.1","..","13533370","38.092","-0.23674107236231","1.046","21994745","61.908","2.0807538329954"
"Morocco","MAR","2018","YR2018","51.68618922527","10.003394493321","41.682794731949","328062","342037.5","328779","342653","331722.5","346712.5","335683.5","351538.5","336802","353337","336606","353707.5","333919","351293","329281.5","346730","323406.5","340629","317305","333989.5","311490.5","327385","307605","322514","303757","317448","300229","312496","297013.5","308612.5","294203.5","306087","293721","306034.5","293696.5","306026.5","291565.5","303028","291322","301428.5","292793","301437","291229","298338.5","289283","295244.5","290142","295684.5","292195","297935.5","293880","300738","18.813","5.637","2.415","76.086","72.028","73.986","88.583","130.373","17.5","15.6","19.3","12.6","20.4","18.3","22.3","-89007","630","2002","1372","1853","..","1108","11871","5179","6692","8510","13898","6110","7788","1661049","9.310713097186","1736278","9.5994237952333","27.479624179922","4821662","27.026964005038","5051083","27.926099610114","9872745","1640518","9.1956302485775","1726349","9.5445262205788","1520095","8.5206206592743","1588455","8.7821495943014","1464509","8.209040474959","1522604","8.4180768626861","65.925578590735","11766121","65.952886939383","11919298","65.898643358994","23685420","1455642","8.1593408949489","1488640","8.2302961411641","1451912","8.1384358497059","1493837","8.2590289772061","1416349","7.9390938135135","1428500","7.8977980154053","1313853","7.3645680138738","1318619","7.290295079647","1186160","6.6488077397826","1176351","6.5037330019041","1039780","5.828303631951","1045831","5.7821252678672","940058","5.2693297958525","928724","5.1346689282879","823197","4.6142863604992","822054","4.5449187607672","674659","3.7816803642965","694137","3.8377023240591","6.5947972293433","1252408","7.0201490555791","1116939","6.1752570308924","2369346","503537","2.8224865978172","510193","2.8207219201076","341664","1.9151364466894","300432","1.6610089278014","223954","1.2553340936765","172572","0.95410210025587","183253","133742","0.73942408272757","1.027191917396","1.1178970270223","17840191","49.656072751603","18087320","50.343927248397","35927511","1","3.3","2.3","1.6","3.1","..","13489703","37.547","-0.32318336265874","1.046","22437808","62.453","1.9943831984291"
"Morocco","MAR","2019","YR2019","51.919105826512","10.443099247163","41.476006579349","323400.5","337268.5","327085.5","340960","327380.5","342382","330388","346468","334464.5","351332.5","335776.5","353213","335836","353685","333366.5","351285.5","328914","346662.5","323231.5","340477.5","317199","333587","311372.5","326651","307442.5","321465.5","303523","316104","299855","310825","296387.5","306564.5","293316","303744.5","292507","303407.5","291980","303000.5","289274","299596.5","288498","297672.5","289520","297453.5","287622.5","294259.5","285435.5","291185","286179","291751","288227.5","294170.5","18.337","5.658","2.382","76.448","72.245","74.27","85.393","127.668","16.7","14.9","18.4","12.1","19.5","17.6","21.4","-91959","622","1946","1324","1811","..","1079","11204","4889","6315","8035","13127","5774","7353","1642719","9.1147619427829","1718411","9.3995791932041","27.301375184267","4839236","26.850897547033","5072367","27.74546677919","9911603","1657125","9.1946920483985","1745323","9.5467885482636","1539392","8.5414435558513","1608632","8.7990990377226","1463464","8.1201535559118","1516313","8.2941210368035","65.824506294449","11866668","65.843186737379","12030529","65.806090668437","23897197","1437255","7.9747279821287","1472321","8.0534880986604","1441653","7.9991278737982","1483796","8.1162554873945","1412513","7.8374449532063","1433681","7.8421301988184","1333205","7.3973951957376","1342632","7.3440990025783","1207151","6.6979797222613","1202482","6.577486286693","1065337","5.9111102652605","1071242","5.8596160719851","953392","5.2899741940975","946307","5.1762282641251","848549","4.7082413817613","841052","4.6004913141284","704149","3.9070316132154","720700","3.9421749072499","6.8741185212842","1316718","7.3059157155888","1178890","6.4484425523731","2495608","532942","2.9570726699518","541618","2.9626098084014","357243","1.9821922682611","320614","1.7537345160441","233939","1.2980326224471","179805","0.98351985458314","192593","136853","0.74857837334442","1.0686181549287","1.0435841266992","18022621","49.643065382033","18281786","50.356931863481","36304408","1","3.2","2.2","1.6","3.1","..","13434809","37.006","-0.40776283009646","1.047","22869599","62.994","1.9061080819999"
"Morocco","MAR","2020","YR2020","52.074886518245","10.875293424408","41.199593093836","318796.5","332505.5","322568","336328.5","326025.5","340703","326384","342153","329484.5","346272.5","333706","351199","335204","353156","335421","353643","333085.5","351204","328771","346525.5","323138.5","340166","317097.5","333042.5","311240","325884.5","307259","320490.5","303240.5","314898","299394.5","309352.5","295742","304883.5","292439.5","301860.5","291274","301237","290338.5","300538","287256","296903.5","286161.5","294818.5","286946.5","294529.5","284877.5","291350.5","282609.5","288368","283348.5","289054","17.889","6.073","2.353","76.308","71.757","73.92","84.929","130.197","16.1","14.3","17.7","11.5","18.7","16.8","20.5","-33807","617","1899","1282","1773","..","1051","10597","4624","5973","7584","12423","5464","6959","1623259","8.9122375265084","1697962","9.1906172875324","27.091648462528","4851422","26.635942919264","5088172","27.540912682011","9939593","1666188","9.1479322385801","1755727","9.5032837967246","1561976","8.5757731541752","1634482","8.8470115977543","1469189","8.0663411793097","1517871","8.2158328279645","65.757077747888","11978703","65.767123313619","12146762","65.747174174596","24125464","1427851","7.839384339871","1465970","7.9349038774436","1430227","7.8524266373512","1469534","7.9541948570811","1409380","7.7379723100852","1440402","7.7965111256557","1352518","7.4257779760644","1364383","7.3850405922482","1227889","6.7415226644851","1229110","6.6528412841687","1092488","5.9981281791286","1095590","5.9301332030236","967113","5.3097770755392","965194","5.224337205458","870814","4.7810630342665","856639","4.6367552918665","731236","4.0147299175178","742069","4.0166239096862","7.1512737895844","1383692","7.5969337671176","1240023","6.7119131433926","2623715","561120","3.0807356097354","569986","3.0851846142421","375643","2.0624069679414","343090","1.8570571967803","244833","1.344215878326","187972","1.0174422066283","202096","138974","0.7522291257419","1.1095753111148","1.0531601791461","18213816","49.64411455363","18474956","50.35588544637","36688772","1","3.1","2.1","1.5","3.1","..","13379661","36.468","-0.41133073117184","1.047","23309111","63.532","1.9035840188469"
"Morocco","MAR","2021","YR2021","52.154787028307","11.297376544951","40.857410483356","315248","328866","318087.5","331689.5","321801","336087.5","325316.5","340487","325750.5","341967.5","328955","346133.5","333303","351114.5","334907.5","353085.5","335214.5","353551.5","332969.5","351080.5","328688.5","346292","323051.5","339783.5","316990.5","332517.5","311099.5","325225.5","307055","319682","302921.5","313917.5","298955.5","308236.5","295153","303633.5","291620","300422.5","290189","299605.5","289008.5","298754.5","285720","295015.5","284472.5","292887","285144","292606","283022","289487","280749.5","286584.5","17.545","6.17","2.328","76.398","71.893","74.042","83.996","128.703","15.4","13.8","17","11.1","18","16.2","19.7","-46242","612","1866","1254","1752","..","1014","10054","4389","5665","7239","11788","5190","6598","1606204","8.7241885203845","1679098","8.995648855334","26.852531413728","4858438","26.388890963442","5097563","27.309844284663","9956001","1665350","9.0454434885294","1754966","9.4021064239722","1586885","8.6192589545287","1663501","8.9120890053571","1478839","8.0324007682071","1525816","8.1744511298634","65.722545182122","12099331","65.718223283935","12268345","65.726808096771","24367675","1427367","7.7528275811724","1468750","7.8687266559993","1418222","7.703153261503","1453398","7.7864793765965","1407765","7.6463581684382","1447961","7.7573510247131","1369908","7.4407356524767","1383730","7.4132378796296","1249189","6.7850406075546","1256162","6.7298011327002","1119890","6.0827455051612","1118930","5.9945901734109","982018","5.333888366207","984968","5.2768953344974","889578","4.8317950842384","869840","4.660110385578","756556","4.1092782889765","758790","4.0651650037826","7.4249234041501","1453153","7.8928857526224","1299755","6.9633476185657","2752908","588139","3.1945114751589","594976","3.1875428159182","396052","2.151179668003","366942","1.9658664147103","255820","1.3895013348463","196683","1.0537155846005","213142","141154","0.7562228033368","1.1576932746142","1.0514843122207","18410922","49.656467812677","18665663","50.343534884443","37076584","0.9","3","2.1","1.5","3","..","13323470","35.935","-0.42085763604598","1.047","23753114","64.065","1.886932349295"
"Morocco","MAR","2022","YR2022","52.218083024384","11.751973821949","40.466109202435","312084.5","325649","314516.5","328021","317439.5","331341","321224.5","335781.5","324813","340222","325331.5","341751.5","328626.5","345966.5","333049","350969.5","334716","352942","335082","353399","332861","350872.5","328577.5","346001.5","322920.5","339406.5","316822","332047","310863.5","324640.5","306710.5","318956","302457","313061.5","298350","307247","294363","302480","290631.5","299108.5","289023","298163","287696","297218.5","284303","293437","282982","291304","283620.5","291054","281501","287987","..","..","..","..","..","..","..","..","..","..","..","..","..","..","..","-39998","..","..","..","..","..","..","..","..","..","..","..","..","..","1590078","8.5462322437556","1661015","8.8106411884173","26.5842979934","4858928","26.115399917847","5099011","27.047058491538","9957939","1656805","8.9048715299599","1745028","9.2562828181584","1612045","8.6642961441318","1692968","8.9801344849623","1492512","8.0218418081328","1540853","8.1732597199461","65.695218324762","12219331","65.67554584701","12388764","65.714633302299","24608096","1427625","7.6730893288728","1471177","7.8036695443246","1407883","7.5669841919927","1440266","7.639708709272","1406744","7.5608596926651","1452644","7.7053635914597","1382233","7.4291224914646","1398785","7.419677994828","1271094","6.8317782237904","1282400","6.8023258404461","1145415","6.1562908269163","1141370","6.05425270714","1000288","5.3762730876358","1005942","5.3358920216283","904400","4.8608987534803","882185","4.6794386784726","781139","4.1984074420595","773144","4.1010444947818","7.7204836818375","1527344","8.2090542351423","1364593","7.2383082061627","2891937","614747","3.3040961721073","618023","3.2782221310342","419946","2.2570916475293","393474","2.087133032837","266356","1.4315876091624","207264","1.0994056555654","226296","145832","0.77354738672617","1.2162788063434","1.0233919787895","18605603","49.670610829401","18852368","50.329389170599","37457971","..","..","..","..","..","..","13261620","35.404","-0.46529924547492","..","24196351","64.596","1.8488198994254"
"Morocco","MAR","2023","YR2023","52.236197887677","12.222227094705","40.013970792972","309005.5","322422.5","311351.5","324787","314048.5","327561","317058","330943","320910.5","335437","324552.5","339923","325114","341492.5","328441","345740.5","332888.5","350770","334574","352763","334950.5","353234","332728.5","350710","328428.5","345825","322733","339193.5","316570","331772","310524","324277","306265","318483.5","301897.5","312469.5","297680","306535.5","293593.5","301662","289780.5","298202.5","288111","297190","286744","296205","283330.5","292405.5","282005","290271.5","282652","290033.5","..","..","..","..","..","..","..","..","..","..","..","..","..","..","..","-39998","..","..","..","..","..","..","..","..","..","..","..","..","..","1572374","8.3627713620977","1641151","8.6204045172765","26.284135663267","4853355","25.812875322734","5092574","26.749556432615","9945929","1645570","8.7520689545408","1730689","9.0907197564153","1635411","8.6980350060952","1720735","9.0384321589236","1509960","8.0308185240363","1563428","8.2121520746783","65.687399834947","12343871","65.6516622094","12512271","65.7226946216","24856141","1429971","7.6053919280211","1474275","7.7438617357187","1402336","7.4584107594332","1434214","7.5334375758599","1408336","7.4903221419494","1455074","7.6430054235546","1388505","7.3848523634514","1408327","7.397461983287","1293487","6.8794930727968","1306618","6.8632192535388","1168626","6.2154092247882","1163402","6.1109517658535","1022785","5.4397445685298","1027719","5.398257813705","916786","4.8759847885885","894802","4.7000874646571","803081","4.2712348378052","784414","4.1202595307468","8.0284645017855","1604844","8.5354624678662","1433131","7.5277489457847","3037974","640972","3.4090504456996","638835","3.3555800090193","446772","2.3761853649241","421547","2.2142427906791","277464","1.4757099730809","220492","1.1581667388951","239636","152258","0.79975940719117","1.2745166841616","..","18802069","49.68828524618","19037976","50.311717396523","37840044","..","..","..","..","..","..","13198229","34.879","..","..","24641815","65.121",".."
"Morocco","MAR","2024","YR2024","52.164150691468","12.679639721234","39.484510970234","306111.5","319393.5","308306","321600","310896.5","324337.5","313677","327172.5","316752","330607","320655.5","335145.5","324339","339669","324932.5","341272","328284.5","345545.5","332749.5","350594.5","334444","352600.5","334819.5","353073.5","332581","350534.5","328241.5","345613","322482","338919","316231.5","331409","310080","323805.5","305707","317892","301229","311759.5","296912","305719","292744","300758","288871","297234.5","287161.5","296180.5","285773","295175.5","282356.5","291376","281040.5","289255.5","..","..","..","..","..","..","..","..","..","..","..","..","..","..","..","-39998","..","..","..","..","..","..","..","..","..","..","..","..","..","1555743","8.190963532529","1623111","8.4457595274027","25.94862839443","4839272","25.478694409031","5076078","26.41306917025","9915350","1630961","8.5869851729862","1712227","8.9094693648069","1652568","8.7007457035156","1740741","9.0578402780407","1530160","8.0562667892145","1590585","8.2765150110814","65.718503446833","12470796","65.658553667032","12641203","65.777752454365","25111999","1436906","7.565288512095","1480725","7.7048623943555","1398208","7.3615441232198","1431765","7.450104530623","1408843","7.4175346060224","1453227","7.5617807787756","1390088","7.3187924451572","1414995","7.3628428270763","1315688","6.9270749299237","1329044","6.9155992783348","1190540","6.2681725892614","1186658","6.1747021452876","1047908","5.517217251155","1049590","5.4614795125573","929692","4.8948117863954","910005","4.7351546156927","822766","4.3318506345873","794611","4.1347113605814","8.3328681587374","1683339","8.8627519239374","1500772","7.8091783753843","3184111","665933","3.5061272447362","656496","3.4160355218095","473980","2.4954975822794","448828","2.3354473612766","291046","1.532352819385","236372","1.2299477275338","252380","159077","0.82774776476441","1.3287742775368","..","18993407","49.706050219124","19218053","50.293952397892","38211459","..","..","..","..","..","..","13128311","34.357","..","..","25083148","65.643",".."
"","","","","","","","","","","","","","","","","","","","","","","","","","","","","","","","","","","","","","","","","","","","","","","","","","","","","","","","","","","","","","","","","","","","","","","","","","","","","","","","","","","","","","","","","","","","","","","","","","","","","","","","","","","","","","","","","","","","","","","","","","","","","","","","","","","","","","","","","","","","","","","","","","","","","","","","","","","","","","","","","","","","","","","","","","","","","","","","","","","","","","","","","","","","","","","","",""
"","","","","","","","","","","","","","","","","","","","","","","","","","","","","","","","","","","","","","","","","","","","","","","","","","","","","","","","","","","","","","","","","","","","","","","","","","","","","","","","","","","","","","","","","","","","","","","","","","","","","","","","","","","","","","","","","","","","","","","","","","","","","","","","","","","","","","","","","","","","","","","","","","","","","","","","","","","","","","","","","","","","","","","","","","","","","","","","","","","","","","","","","","","","","","","","",""
"","","","","","","","","","","","","","","","","","","","","","","","","","","","","","","","","","","","","","","","","","","","","","","","","","","","","","","","","","","","","","","","","","","","","","","","","","","","","","","","","","","","","","","","","","","","","","","","","","","","","","","","","","","","","","","","","","","","","","","","","","","","","","","","","","","","","","","","","","","","","","","","","","","","","","","","","","","","","","","","","","","","","","","","","","","","","","","","","","","","","","","","","","","","","","","","",""
"","","","","","","","","","","","","","","","","","","","","","","","","","","","","","","","","","","","","","","","","","","","","","","","","","","","","","","","","","","","","","","","","","","","","","","","","","","","","","","","","","","","","","","","","","","","","","","","","","","","","","","","","","","","","","","","","","","","","","","","","","","","","","","","","","","","","","","","","","","","","","","","","","","","","","","","","","","","","","","","","","","","","","","","","","","","","","","","","","","","","","","","","","","","","","","","",""
